,CAGR,Max_Drawdown,Sharp_Ratio,Value
LSTM_rm,13.557613620217646,21.97602147708956,0.25599430222293457,20750.84315443039
