,CAGR,Max_Drawdown,Sharp_Ratio,Value
LSTM_rm,2.4428706456253617,30.430913378769716,0.08174431099207266,12712.809211730957
