,CAGR,Max_Drawdown,Sharp_Ratio,Value
LSTM_rm,15.085775505070423,31.213780244346967,0.20455743559614,19285.77652168274
