,CAGR,Max_Drawdown,Sharp_Ratio,Value
LSTM_rm,31.834640989801024,99.11090127649322,0.11855186659065288,50526883.95478392
