,CAGR,Max_Drawdown,Sharp_Ratio,Value
LSTM_rm,26.954213014524488,30.040134455016155,0.3242656812394639,58357.93453621864
